Job	Start	Finish	Resource
a1	0.0	10000.0	ModuloSchedulingQuad_Processor0
a2	11861.572265625	21861.572265625	ModuloSchedulingQuad_Processor0
a1	22792.3583984375	32792.3583984375	ModuloSchedulingQuad_Processor0
a2	34653.9306640625	44653.9306640625	ModuloSchedulingQuad_Processor0
a1	45584.716796875	55584.716796875	ModuloSchedulingQuad_Processor0
a2	59307.861328125	69307.861328125	ModuloSchedulingQuad_Processor0
a1	70238.6474609375	80238.6474609375	ModuloSchedulingQuad_Processor0
a2	83961.7919921875	93961.7919921875	ModuloSchedulingQuad_Processor0
a1	94892.578125	104892.578125	ModuloSchedulingQuad_Processor0
a2	108615.72265625	118615.72265625	ModuloSchedulingQuad_Processor0
a3	121408.0810546875	131408.0810546875	ModuloSchedulingQuad_Processor0
a5:sink	143269.6533203125	153269.6533203125	ModuloSchedulingQuad_Processor0
a3	23723.14453125	33723.14453125	ModuloSchedulingQuad_Processor1
a5:sink	46515.5029296875	56515.5029296875	ModuloSchedulingQuad_Processor1
a3	57446.2890625	67446.2890625	ModuloSchedulingQuad_Processor1
a5:sink	71169.43359375	81169.43359375	ModuloSchedulingQuad_Processor1
a3	82100.2197265625	92100.2197265625	ModuloSchedulingQuad_Processor1
a5:sink	95823.3642578125	105823.3642578125	ModuloSchedulingQuad_Processor1
a3	106754.150390625	116754.150390625	ModuloSchedulingQuad_Processor1
a5:sink	120477.294921875	130477.294921875	ModuloSchedulingQuad_Processor1
a4	131408.0810546875	141408.0810546875	ModuloSchedulingQuad_Processor1
a4	24653.9306640625	34653.9306640625	ModuloSchedulingQuad_Processor2
a4	58377.0751953125	68377.0751953125	ModuloSchedulingQuad_Processor2
a4	83031.005859375	93031.005859375	ModuloSchedulingQuad_Processor2
a4	107684.9365234375	117684.9365234375	ModuloSchedulingQuad_Processor2
writing_crossbar	10000.0	10930.7861328125	crossbar_ModuloSchedulingQuad_0
writing_crossbar	21861.572265625	22792.3583984375	crossbar_ModuloSchedulingQuad_0
writing_crossbar	32792.3583984375	33723.14453125	crossbar_ModuloSchedulingQuad_0
writing_crossbar	33723.14453125	34653.9306640625	crossbar_ModuloSchedulingQuad_0
writing_crossbar	34653.9306640625	35584.716796875	crossbar_ModuloSchedulingQuad_0
writing_crossbar	44653.9306640625	45584.716796875	crossbar_ModuloSchedulingQuad_0
reading_crossbar	45584.716796875	46515.5029296875	crossbar_ModuloSchedulingQuad_0
writing_crossbar	55584.716796875	56515.5029296875	crossbar_ModuloSchedulingQuad_0
writing_crossbar	67446.2890625	68377.0751953125	crossbar_ModuloSchedulingQuad_0
writing_crossbar	68377.0751953125	69307.861328125	crossbar_ModuloSchedulingQuad_0
writing_crossbar	69307.861328125	70238.6474609375	crossbar_ModuloSchedulingQuad_0
reading_crossbar	70238.6474609375	71169.43359375	crossbar_ModuloSchedulingQuad_0
writing_crossbar	80238.6474609375	81169.43359375	crossbar_ModuloSchedulingQuad_0
writing_crossbar	92100.2197265625	93031.005859375	crossbar_ModuloSchedulingQuad_0
writing_crossbar	93031.005859375	93961.7919921875	crossbar_ModuloSchedulingQuad_0
writing_crossbar	93961.7919921875	94892.578125	crossbar_ModuloSchedulingQuad_0
reading_crossbar	94892.578125	95823.3642578125	crossbar_ModuloSchedulingQuad_0
writing_crossbar	104892.578125	105823.3642578125	crossbar_ModuloSchedulingQuad_0
writing_crossbar	116754.150390625	117684.9365234375	crossbar_ModuloSchedulingQuad_0
writing_crossbar	117684.9365234375	118615.72265625	crossbar_ModuloSchedulingQuad_0
writing_crossbar	118615.72265625	119546.5087890625	crossbar_ModuloSchedulingQuad_0
reading_crossbar	119546.5087890625	120477.294921875	crossbar_ModuloSchedulingQuad_0
reading_crossbar	120477.294921875	121408.0810546875	crossbar_ModuloSchedulingQuad_0
reading_crossbar	130477.294921875	131408.0810546875	crossbar_ModuloSchedulingQuad_0
reading_crossbar	132338.8671875	133269.6533203125	crossbar_ModuloSchedulingQuad_0
reading_crossbar	10930.7861328125	11861.572265625	crossbar_ModuloSchedulingQuad_1
writing_crossbar	21861.572265625	22792.3583984375	crossbar_ModuloSchedulingQuad_1
reading_crossbar	22792.3583984375	23723.14453125	crossbar_ModuloSchedulingQuad_1
reading_crossbar	23723.14453125	24653.9306640625	crossbar_ModuloSchedulingQuad_1
reading_crossbar	33723.14453125	34653.9306640625	crossbar_ModuloSchedulingQuad_1
writing_crossbar	44653.9306640625	45584.716796875	crossbar_ModuloSchedulingQuad_1
reading_crossbar	45584.716796875	46515.5029296875	crossbar_ModuloSchedulingQuad_1
reading_crossbar	56515.5029296875	57446.2890625	crossbar_ModuloSchedulingQuad_1
reading_crossbar	57446.2890625	58377.0751953125	crossbar_ModuloSchedulingQuad_1
reading_crossbar	58377.0751953125	59307.861328125	crossbar_ModuloSchedulingQuad_1
writing_crossbar	69307.861328125	70238.6474609375	crossbar_ModuloSchedulingQuad_1
reading_crossbar	70238.6474609375	71169.43359375	crossbar_ModuloSchedulingQuad_1
reading_crossbar	81169.43359375	82100.2197265625	crossbar_ModuloSchedulingQuad_1
reading_crossbar	82100.2197265625	83031.005859375	crossbar_ModuloSchedulingQuad_1
reading_crossbar	83031.005859375	83961.7919921875	crossbar_ModuloSchedulingQuad_1
writing_crossbar	93961.7919921875	94892.578125	crossbar_ModuloSchedulingQuad_1
reading_crossbar	94892.578125	95823.3642578125	crossbar_ModuloSchedulingQuad_1
reading_crossbar	105823.3642578125	106754.150390625	crossbar_ModuloSchedulingQuad_1
reading_crossbar	106754.150390625	107684.9365234375	crossbar_ModuloSchedulingQuad_1
reading_crossbar	107684.9365234375	108615.72265625	crossbar_ModuloSchedulingQuad_1
writing_crossbar	118615.72265625	119546.5087890625	crossbar_ModuloSchedulingQuad_1
reading_crossbar	119546.5087890625	120477.294921875	crossbar_ModuloSchedulingQuad_1
writing_crossbar	131408.0810546875	132338.8671875	crossbar_ModuloSchedulingQuad_1
writing_crossbar	141408.0810546875	142338.8671875	crossbar_ModuloSchedulingQuad_1
reading_crossbar	142338.8671875	143269.6533203125	crossbar_ModuloSchedulingQuad_1
